id,name,url,description,category,type,month,location,date_added,last_verified
alpha-vantage,Alpha Vantage,https://www.alphavantage.co,"API for stocks, ETFs, forex, cryptocurrency, fundamentals, and technical indicators.",developer-resources,api,,,2026-07-02,2026-07-06
api-list,API List,https://apislist.com,Directory for discovering public APIs across many categories and use cases.,developer-resources,api,,,2026-07-02,2026-07-06
hoppscotch,Hoppscotch,https://hoppscotch.io,"Test REST, GraphQL, WebSocket, and other APIs from the browser.",developer-resources,api,,,2026-07-02,2026-07-06
public-apis,Public APIs,https://github.com/public-apis/public-apis,Large GitHub collection of free public APIs for applications and prototypes.,developer-resources,api,,,2026-07-02,2026-07-06
awesome-public-datasets,Awesome Public Datasets,https://github.com/awesomedata/awesome-public-datasets,"Discover curated public datasets across many domains for projects, analytics, and machine learning.",developer-resources,data,,,2026-07-02,2026-07-06
fred,FRED,https://fred.stlouisfed.org,"Economic dataset portal for rates, inflation, employment, GDP, and financial indicators.",developer-resources,data,,,2026-07-02,2026-07-02
google-dataset-search,Google Dataset Search,https://datasetsearch.research.google.com,"Search engine for public datasets from universities, governments, and research groups.",developer-resources,data,,,2026-07-02,2026-07-06
hugging-face,Hugging Face,https://huggingface.co,"Platform for open AI models, datasets, Spaces, and machine learning tools.",developer-resources,data,,,2026-07-02,2026-07-06
kaggle-datasets,Kaggle Datasets,https://www.kaggle.com/datasets,Access a large collection of community datasets for data science and analytics.,developer-resources,data,,,2026-07-02,2026-07-06
aceternity-ui,Aceternity UI,https://ui.aceternity.com,Build polished interfaces with premium-quality React components.,developer-resources,frontend,,,2026-07-02,2026-07-06
framer-motion,Framer Motion,https://motion.dev,Create smooth animations and interactions for React applications.,developer-resources,frontend,,,2026-07-02,2026-07-06
gsap,GSAP,https://gsap.com,Create high-performance web animations with a production-ready animation library.,developer-resources,frontend,,,2026-07-02,2026-07-06
lucide,Lucide,https://lucide.dev,"Use an open-source, customizable icon library for modern applications.",developer-resources,frontend,,,2026-07-02,2026-07-06
magic-ui,Magic UI,https://magicui.design,Use animated React components built for modern user interfaces.,developer-resources,frontend,,,2026-07-02,2026-07-06
radix-ui,Radix UI,https://www.radix-ui.com,"Build accessible, unstyled UI primitives for custom component systems.",developer-resources,frontend,,,2026-07-02,2026-07-06
shadcn-ui,shadcn/ui,https://ui.shadcn.com,Build reusable React components with Radix UI and Tailwind CSS.,developer-resources,frontend,,,2026-07-02,2026-07-06
alternative-to,AlternativeTo,https://alternativeto.net,"Discover open-source and commercial alternatives to software, apps, and online services.",developer-resources,tool,,,2026-07-02,2026-07-06
awesome-selfhosted,Awesome Selfhosted,https://github.com/awesome-selfhosted/awesome-selfhosted,"Curated collection of self-hosted software for development, collaboration, AI, and cloud services.",developer-resources,tool,,,2026-07-02,2026-07-06
bundlephobia,Bundlephobia,https://bundlephobia.com,"Analyze package size, dependencies, and installation impact before adding libraries.",developer-resources,tool,,,2026-07-02,2026-07-06
carbon,Carbon,https://carbon.now.sh,"Create customizable code screenshots for documentation, READMEs, presentations, and social media.",developer-resources,tool,,,2026-07-02,2026-07-06
cloudcraft,Cloudcraft,https://cloudcraft.co,"Design, visualize, and document cloud architectures with interactive AWS infrastructure diagrams.",developer-resources,tool,,,2026-07-02,2026-07-06
coolify,Coolify,https://coolify.io,"Self-host and deploy applications, databases, and services with an open-source platform.",developer-resources,tool,,,2026-07-02,2026-07-06
cyberchef,CyberChef,https://gchq.github.io/CyberChef,"Web toolkit for encoding, decoding, encryption, hashing, compression, conversion, and forensics.",developer-resources,tool,,,2026-07-02,2026-07-06
dbdiagram,dbdiagram.io,https://dbdiagram.io,Design and visualize database schemas using DBML.,developer-resources,tool,,,2026-07-02,2026-07-06
devicon,Devicon,https://devicon.dev,"Find technology icons for documentation, portfolios, and developer projects.",developer-resources,tool,,,2026-07-02,2026-07-06
excalidraw,Excalidraw,https://excalidraw.com,"Create hand-drawn style diagrams, architecture sketches, and flowcharts.",developer-resources,tool,,,2026-07-02,2026-07-06
figma,Figma,https://www.figma.com,"Design interfaces, wireframes, and prototypes with real-time collaboration.",developer-resources,tool,,,2026-07-02,2026-07-06
free-for-dev,Free-for-Dev,https://github.com/ripienaar/free-for-dev,"Find free tiers and services for hosting, databases, APIs, CI/CD, AI, and developer tools.",developer-resources,tool,,,2026-07-02,2026-07-06
freesound,Freesound,https://freesound.org,"Community sound library for effects, ambience, and audio clips for games and apps.",developer-resources,tool,,,2026-07-02,2026-07-06
github-topics,GitHub Topics,https://github.com/topics,"Discover open-source projects, frameworks, libraries, and tools by technology, language, or domain.",developer-resources,tool,,,2026-07-02,2026-07-06
gitignore,gitignore,https://github.com/github/gitignore,Generate language- and framework-specific .gitignore templates.,developer-resources,tool,,,2026-07-02,2026-07-06
it-tools,IT Tools,https://it-tools.tech,"Browser utilities for JSON, UUIDs, JWTs, hashing, encoding, QR codes, and timestamps.",developer-resources,tool,,,2026-07-02,2026-07-06
itch-io-game-assets,itch.io Game Assets,https://itch.io/game-assets/free,"Free game asset marketplace with sprites, UI packs, audio, shaders, animations, and 3D models.",developer-resources,tool,,,2026-07-02,2026-07-06
kenney-assets,Kenney Assets,https://kenney.nl/assets,"Free 2D, 3D, UI, audio, and game development asset library.",developer-resources,tool,,,2026-07-02,2026-07-06
mixamo,Mixamo,https://www.mixamo.com,Online tool for rigging 3D characters and creating character animations.,developer-resources,tool,,,2026-07-02,2026-07-06
mockaroo,Mockaroo,https://mockaroo.com,"Generate up to 1,000 rows of realistic, customized mock data in JSON, CSV, or SQL formats to test your applications.",developer-resources,tool,,,2026-07-02,2026-07-06
ngrok,ngrok,https://ngrok.com,Create secure public URLs for local services to test webhooks and integrations.,developer-resources,tool,,,2026-07-02,2026-07-06
open-game-art,OpenGameArt,https://opengameart.org,"Community asset library for sprites, textures, music, sound effects, and 3D models.",developer-resources,tool,,,2026-07-02,2026-07-06
pixabay,Pixabay,https://pixabay.com,"Free image, illustration, video, music, and sound effect library for projects.",developer-resources,tool,,,2026-07-02,2026-07-02
playwright,Playwright,https://playwright.dev,Automate browsers for end-to-end testing and web automation.,developer-resources,tool,,,2026-07-02,2026-07-06
poly-pizza,Poly Pizza,https://poly.pizza,"Free low-poly 3D model library for games, simulations, prototypes, and interactive apps.",developer-resources,tool,,,2026-07-02,2026-07-02
quicktype,Quicktype,https://quicktype.io,"Generate typed models and serializers from JSON, JSON Schema, GraphQL, and TypeScript.",developer-resources,tool,,,2026-07-02,2026-07-06
responsively-app,Responsively App,https://responsively.app,Develop and test responsive websites across synchronized device viewports.,developer-resources,tool,,,2026-07-02,2026-07-06
shields-io,Shields.io,https://shields.io,Generate customizable badges for READMEs and documentation.,developer-resources,tool,,,2026-07-02,2026-07-06
squoosh,Squoosh,https://squoosh.app,Compress and optimize images for the web.,developer-resources,tool,,,2026-07-02,2026-07-06
svg-repo,SVG Repo,https://www.svgrepo.com,"Browse free SVG icons, illustrations, and vectors.",developer-resources,tool,,,2026-07-02,2026-07-02
apache,Apache Software Foundation,https://apache.org,"Explore established open-source projects across servers, data systems, developer tooling, and infrastructure.",open-source,organization,,,2026-07-01,2026-07-06
cncf,Cloud Native Computing Foundation,https://www.cncf.io,"Find cloud-native projects for containers, orchestration, service meshes, networking, and observability.",open-source,organization,,,2026-07-01,2026-07-06
eclipse-foundation,Eclipse Foundation,https://www.eclipse.org,"Explore developer tools, runtimes, IoT platforms, and frameworks maintained by open-source communities.",open-source,organization,,,2026-07-01,2026-07-06
mozilla,Mozilla,https://www.mozilla.org,"Contribute to open web, browser, privacy, and internet health projects.",open-source,organization,,,2026-07-01,2026-07-06
owasp,OWASP,https://owasp.org,"Learn application security through open-source tools, standards, projects, and community resources.",open-source,organization,,,2026-07-01,2026-07-06
bevy,Bevy Engine,https://bevyengine.org,"Build games in Rust with a modern, data-driven open-source engine.",open-source,project,,,2026-07-01,2026-07-06
blender,Blender,https://www.blender.org,"Create 3D art, animation, simulations, and tools in a large open-source project.",open-source,project,,,2026-07-01,2026-07-06
docker,Docker,https://www.docker.com,Learn container workflows and contribute to widely used developer infrastructure tools.,open-source,project,,,2026-07-01,2026-07-06
fastapi,FastAPI,https://fastapi.tiangolo.com,Build Python APIs with a modern framework used for production web services.,open-source,project,,,2026-07-01,2026-07-06
git,Git,https://git-scm.com,Learn distributed version control and contribute to the software powering modern development.,open-source,project,,,2026-07-01,2026-07-06
gnome,GNOME,https://www.gnome.org,"Explore Linux desktop apps, libraries, accessibility tools, and user experience projects.",open-source,project,,,2026-07-01,2026-07-06
godot,Godot Engine,https://godotengine.org,Build 2D and 3D games with a beginner-friendly open-source engine.,open-source,project,,,2026-07-01,2026-07-06
grafana,Grafana,https://grafana.com/oss,"Explore dashboards, metrics, logs, and observability tools used in production systems.",open-source,project,,,2026-07-01,2026-07-06
home-assistant,Home Assistant,https://www.home-assistant.io,Automate smart homes and contribute to a large Python-based IoT project.,open-source,project,,,2026-07-01,2026-07-06
kde,KDE,https://kde.org,"Contribute to Linux desktop apps, frameworks, and cross-platform user tools.",open-source,project,,,2026-07-01,2026-07-06
linux-kernel,Linux Kernel,https://kernel.org,Study operating system internals and contribute to core Linux infrastructure.,open-source,project,,,2026-07-01,2026-07-06
neovim,Neovim,https://neovim.io,"Customize and improve a fast, extensible editor used by many developers.",open-source,project,,,2026-07-01,2026-07-06
nmap,Nmap,https://nmap.org,Learn network discovery and contribute to a respected security auditing tool.,open-source,project,,,2026-07-01,2026-07-06
opencv,OpenCV,https://opencv.org,Build computer vision applications with a widely used C++ and Python library.,open-source,project,,,2026-07-01,2026-07-06
openstreetmap,OpenStreetMap,https://www.openstreetmap.org,"Improve open map data used by apps, researchers, and communities worldwide.",open-source,project,,,2026-07-01,2026-07-06
opentofu,OpenTofu,https://opentofu.org,Learn infrastructure as code through an open Terraform-compatible project and ecosystem.,open-source,project,,,2026-07-01,2026-07-06
postgresql,PostgreSQL,https://www.postgresql.org,Explore database internals and contribute to a production-grade SQL system.,open-source,project,,,2026-07-01,2026-07-06
jupyter,Project Jupyter,https://jupyter.org,"Explore interactive notebooks, scientific computing, and data science tools for research.",open-source,project,,,2026-07-01,2026-07-06
prometheus,Prometheus,https://prometheus.io,"Learn metrics, monitoring, and alerting through a cloud-native observability project.",open-source,project,,,2026-07-01,2026-07-06
qt,Qt,https://www.qt.io,"Build cross-platform desktop, mobile, and embedded apps with mature UI tools.",open-source,project,,,2026-07-01,2026-07-06
quantlib,QuantLib,https://www.quantlib.org,"Explore pricing, risk, and quantitative finance models in open-source C++.",open-source,project,,,2026-07-01,2026-07-06
ros,ROS,https://www.ros.org,"Build robotics software with reusable tools for sensors, control, and simulation.",open-source,project,,,2026-07-01,2026-07-06
scikit-learn,scikit-learn,https://scikit-learn.org,Learn machine learning algorithms through a widely used Python library.,open-source,project,,,2026-07-01,2026-07-06
wireshark,Wireshark,https://www.wireshark.org,Analyze network traffic and learn protocols with an industry-standard debugging tool.,open-source,project,,,2026-07-01,2026-07-06
awesome-for-beginners,Awesome for Beginners,https://github.com/MunGell/awesome-for-beginners,Find beginner-friendly open-source projects organized by programming language and contribution difficulty.,open-source,resource,,,2026-07-01,2026-07-06
codetriage,CodeTriage,https://www.codetriage.com,Receive personalized beginner-friendly issues from open-source projects you choose and follow.,open-source,resource,,,2026-07-01,2026-07-06
first-contributions,First Contributions,https://firstcontributions.github.io,Practice the GitHub contribution workflow with a beginner-focused tutorial and sample project.,open-source,resource,,,2026-07-01,2026-07-06
first-timers-only,First Timers Only,https://www.firsttimersonly.com,Find welcoming resources and projects for your first open-source contribution.,open-source,resource,,,2026-07-01,2026-07-06
github-open-source-guides,GitHub Open Source Guides,https://opensource.guide,"Learn contribution workflows, maintainership, licensing, and community best practices for open source.",open-source,resource,,,2026-07-01,2026-07-06
good-first-issue,Good First Issue,https://goodfirstissue.dev,Find beginner-friendly GitHub issues across hundreds of active open-source projects.,open-source,resource,,,2026-07-01,2026-07-06
up-for-grabs,Up For Grabs,https://up-for-grabs.net,Browse active projects seeking new contributors through beginner-friendly GitHub issues.,open-source,resource,,,2026-07-01,2026-07-06
build-your-own,Build Your Own,https://build-your-own.org,"In-depth tutorials for building databases, operating systems, interpreters, and compilers from scratch.",project-based-learning,build,,,2026-07-02,2026-07-06
build-your-own-x,Build Your Own X,https://github.com/codecrafters-io/build-your-own-x,"Guides for recreating databases, shells, Git, Docker, emulators, and other technologies from scratch.",project-based-learning,build,,,2026-07-02,2026-07-06
crafting-interpreters,Crafting Interpreters,https://craftinginterpreters.com,Book-length guide to building an interpreter and bytecode virtual machine from scratch.,project-based-learning,build,,,2026-07-02,2026-07-06
nand2tetris,nand2tetris,https://www.nand2tetris.org,Project course for building a computer from logic gates through an operating system and compiler.,project-based-learning,build,,,2026-07-02,2026-07-06
project-based-learning,Project-Based Learning,https://github.com/practical-tutorials/project-based-learning,Programming tutorials that teach by building applications from scratch across many languages.,project-based-learning,build,,,2026-07-02,2026-07-06
app-ideas,App Ideas,https://github.com/florinpop17/app-ideas,"Project prompts for practicing software development across beginner, intermediate, and advanced levels.",project-based-learning,ideas,,,2026-07-02,2026-07-06
project-ideas-and-resources,Project Ideas and Resources,https://github.com/The-Cool-Coders/Project-Ideas-And-Resources,Application ideas and resources for practicing coding and building portfolio projects.,project-based-learning,ideas,,,2026-07-02,2026-07-06
roadmap-sh-projects,roadmap.sh Projects,https://roadmap.sh/projects,"Project ideas across frontend, backend, DevOps, databases, AI, and computer science topics.",project-based-learning,ideas,,,2026-07-02,2026-07-06
devpost,Devpost,https://devpost.com,"Hackathon project showcase for ideas, implementation examples, and inspiration.",project-based-learning,inspiration,,,2026-07-02,2026-07-06
github-explore,GitHub Explore,https://github.com/explore,"Discover repositories, collections, developers, and open-source projects across computer science.",project-based-learning,inspiration,,,2026-07-02,2026-07-06
github-trending,GitHub Trending,https://github.com/trending,Browse popular and fast-growing repositories to discover technologies and project ideas.,project-based-learning,inspiration,,,2026-07-02,2026-07-06
i-coded-one-project-every-week,I Coded One Project Every Week for a Year,https://www.youtube.com/watch?v=nr8biZfSZ3Y,Video about building various projects to become inspired and learn software development skills.,project-based-learning,inspiration,,,2026-07-02,2026-07-06
product-hunt,Product Hunt,https://www.producthunt.com,"Discover newly launched software products, developer tools, AI applications, and startups.",project-based-learning,inspiration,,,2026-07-02,2026-07-06
sebastian-lague,Sebastian Lague,https://www.youtube.com/@SebastianLague,"Channel showcasing ambitious projects in graphics, AI, simulations, procedural generation, and software engineering.",project-based-learning,inspiration,,,2026-07-02,2026-07-06
amazon-web-services,Amazon Web Services (AWS),https://aws.amazon.com/certification,"AWS certifications for cloud architecture, development, operations, AI, and machine learning.",certifications,cloud,,,2026-07-02,2026-07-06
google-cloud,Google Cloud,https://cloud.google.com/learn/certification,"Google Cloud certifications for cloud engineering, architecture, development, DevOps, and machine learning.",certifications,cloud,,,2026-07-02,2026-07-06
linux-foundation,Linux Foundation,https://training.linuxfoundation.org/certification,"Linux, Kubernetes, and cloud infrastructure certifications including LFCS, LFCE, CKA, CKAD, and CKS.",certifications,cloud,,,2026-07-02,2026-07-06
microsoft-azure,Microsoft Azure,https://learn.microsoft.com/credentials,"Cloud and AI certifications including AZ-900, AZ-104, AZ-204, AZ-305, AZ-400, AI-900, and AI-102.",certifications,cloud,,,2026-07-02,2026-07-06
red-hat,Red Hat,https://www.redhat.com/en/services/certification,"Enterprise Linux and cloud platform certifications including RHCSA, RHCE, and RHCA.",certifications,cloud,,,2026-07-02,2026-07-06
centri,Centri,https://www.centri.org,"Defensive cybersecurity certifications including BTL1, BTL2, CSOM, and CJDE.",certifications,cybersecurity,,,2026-07-02,2026-07-06
cisco,Cisco,https://www.cisco.com/site/us/en/learn/training-certifications/certifications/index.html,"Networking and cybersecurity certifications including CCNA, CyberOps Associate, and CCNP Security.",certifications,cybersecurity,,,2026-07-02,2026-07-06
comptia,CompTIA,https://www.comptia.org/certifications,"Industry-standard cybersecurity certifications including Security+, CySA+, PenTest+, and SecurityX.",certifications,cybersecurity,,,2026-07-02,2026-07-06
ine,INE,https://ine.com/certifications,"Practical cybersecurity certifications including eJPT, eCPPT, eWPT, and eMAPT.",certifications,cybersecurity,,,2026-07-02,2026-07-06
isc2,ISC2,https://www.isc2.org/certifications,"Globally recognized cybersecurity certifications including CC, SSCP, CISSP, and CCSP.",certifications,cybersecurity,,,2026-07-02,2026-07-06
offsec,OffSec,https://www.offsec.com/certifications,"Highly respected hands-on offensive security certifications including OSCP, OSEP, OSWE, and OSED.",certifications,cybersecurity,,,2026-07-02,2026-07-06
tcm-security,TCM Security,https://certifications.tcm-sec.com,Hands-on penetration testing certifications including PNPT and PJPT.,certifications,cybersecurity,,,2026-07-02,2026-07-06
google-summer-of-code,Google Summer of Code,https://summerofcode.withgoogle.com,Open-source mentorship program where contributors build real projects with participating organizations.,internships-fellowships,fellowship,,,2026-07-02,2026-07-06
kleiner-perkins-fellows,Kleiner Perkins Fellows,https://fellows.kleinerperkins.com,Startup fellowship placing students at venture-backed technology companies with mentorship.,internships-fellowships,fellowship,,,2026-07-02,2026-07-06
lfx-mentorship,LFX Mentorship,https://lfx.linuxfoundation.org/tools/mentorship,"Linux Foundation mentorship program for contributing to cloud, security, and infrastructure projects.",internships-fellowships,fellowship,,,2026-07-02,2026-07-06
mlh-fellowship,MLH Fellowship,https://fellowship.mlh.io,Software engineering fellowship for contributing to open-source and production projects with mentorship.,internships-fellowships,fellowship,,,2026-07-02,2026-07-06
outreachy,Outreachy,https://www.outreachy.org,Paid remote open-source internship supporting contributors working on major community projects.,internships-fellowships,fellowship,,,2026-07-02,2026-07-06
summer-of-bitcoin,Summer of Bitcoin,https://www.summerofbitcoin.org,"Open-source summer program where students contribute to Bitcoin, Lightning, and related infrastructure.",internships-fellowships,fellowship,,,2026-07-02,2026-07-06
absolute-internship,Absolute Internship,https://absoluteinternship.com,Paid international internship placement program with structured roles and career coaching.,internships-fellowships,internship,,,2026-07-03,2026-07-06
built-in,Built In,https://builtin.com,Technology career platform with internships and early-career roles at startups and tech companies.,internships-fellowships,internship,,,2026-07-03,2026-07-06
canadas-top-100-employers,Canada's Top 100 Employers Career Directory,https://www.eluta.ca/new-grad-jobs?education_category=BSc&education_code=BSc-Computer-Science&l=&search=Career+Directory,"Canadian career directory highlighting employers with internship, co-op, and new graduate programs.",internships-fellowships,internship,,,2026-07-03,2026-07-03
fswep,Federal Student Work Experience Program (FSWEP),https://www.canada.ca/en/public-service-commission/jobs/services/recruitment/students/federal-student-work-program.html,Government of Canada student hiring program for paid work across federal departments.,internships-fellowships,internship,,,2026-07-03,2026-07-03
glassdoor,Glassdoor,https://www.glassdoor.com,"Job platform with internship listings, company reviews, salary data, and interview insights.",internships-fellowships,internship,,,2026-07-03,2026-07-03
handshake,Handshake,https://joinhandshake.com,University-focused career platform connecting students with internships and entry-level roles.,internships-fellowships,internship,,,2026-07-03,2026-07-06
indeed,Indeed,https://www.indeed.com,"Global job board with internship listings across technology, finance, government, and startups.",internships-fellowships,internship,,,2026-07-03,2026-07-03
job-bank-canada,Job Bank Canada,https://www.jobbank.gc.ca,"Government of Canada job board with student, co-op, and internship opportunities.",internships-fellowships,internship,,,2026-07-03,2026-07-06
levels-fyi-jobs,Levels.fyi Jobs,https://www.levels.fyi/jobs,Technology job board featuring internships with compensation data and software company roles.,internships-fellowships,internship,,,2026-07-03,2026-07-06
linkedin-jobs,LinkedIn Jobs,https://www.linkedin.com/jobs,Professional network and job platform with internship listings across technology fields.,internships-fellowships,internship,,,2026-07-03,2026-07-06
simplify-jobs,Simplify Jobs,https://simplify.jobs,"Internship and early-career job platform with resume tools, tracking, and curated tech roles.",internships-fellowships,internship,,,2026-07-03,2026-07-06
simplify-summer-internships,Simplify Summer Internship Repository,https://github.com/SimplifyJobs/Summer2026-Internships,GitHub repository tracking software engineering and tech internship opportunities.,internships-fellowships,internship,,,2026-07-03,2026-07-06
the-intern-group,The Intern Group,https://theinterngroup.com,Paid global internship placement program with career development and international work experiences.,internships-fellowships,internship,,,2026-07-03,2026-07-06
y-combinator-internships,Y Combinator Internships,https://www.ycombinator.com/internships,Internship board connecting students with roles at Y Combinator-backed startups.,internships-fellowships,internship,,,2026-07-03,2026-07-06
amazon-prime-student-canada,Amazon Prime Student Canada,https://www.amazon.ca/amazonprime,"Discounted Prime membership for students with shipping, streaming, and shopping benefits.",student-benefits,discounts,,,2026-07-02,2026-07-02
apple-education-store-canada,Apple Education Store Canada,https://www.apple.com/ca_edu_93120/store,"Education pricing on eligible Apple products including MacBooks, iPads, and accessories.",student-benefits,discounts,,,2026-07-02,2026-07-06
concordia-student-discounts-benefits,Concordia Student Discounts & Benefits,https://www.concordia.ca/card/benefits/discounts.html,"Official Concordia card page for student discounts, campus offers, and partner benefits.",student-benefits,discounts,,,2026-07-02,2026-07-06
hack-the-box-academy-student,Hack The Box Academy Student,https://help.hackthebox.com/en/articles/13465244-getting-the-student-subscription,Student-friendly Hack The Box Academy plans for hands-on cybersecurity training.,student-benefits,discounts,,,2026-07-02,2026-07-06
leetcode-student,LeetCode Student,https://leetcode.com/student,"Student discount on LeetCode Premium for interview prep, practice, and company-tagged questions.",student-benefits,discounts,,,2026-07-02,2026-07-02
student-beans-canada,Student Beans Canada,https://www.studentbeans.com/ca,"Student discount platform with offers across tech, software, lifestyle, food, and retail brands.",student-benefits,discounts,,,2026-07-02,2026-07-06
student-price-card,Student Price Card (SPC),https://www.spccard.ca,"Canadian student discount program with offers across technology, food, travel, and retail.",student-benefits,discounts,,,2026-07-02,2026-07-06
tryhackme-student,TryHackMe Student,https://help.tryhackme.com/en/articles/6494960-student-discount,Student discount for annual TryHackMe subscriptions and hands-on cybersecurity training.,student-benefits,discounts,,,2026-07-02,2026-07-06
wolfram-student,Wolfram Student,https://www.wolframalpha.com/pro/pricing/students,"Student pricing for Wolfram tools used in math, computation, visualization, and engineering.",student-benefits,discounts,,,2026-07-02,2026-07-06
autodesk-education,Autodesk Education,https://www.autodesk.com/education/edu-software/overview,"Free education access to Autodesk software for design, engineering, 3D modeling, and creative projects.",student-benefits,free,,,2026-07-02,2026-07-02
aws-educate,AWS Educate,https://aws.amazon.com/education/awseducate,"Free AWS training, cloud labs, badges, and beginner-friendly cloud learning resources.",student-benefits,free,,,2026-07-02,2026-07-06
banq,BAnQ (Bibliothèque et Archives nationales du Québec),https://www.banq.qc.ca,"Free Quebec library membership with study spaces, digital resources, books, and research tools.",student-benefits,free,,,2026-07-02,2026-07-06
figma-education,Figma Education,https://www.figma.com/education,"Free education access to Figma for UI design, prototyping, collaboration, and interface planning.",student-benefits,free,,,2026-07-02,2026-07-06
github-student-developer-pack,GitHub Student Developer Pack,https://education.github.com/pack,"Student bundle with developer tools, cloud credits, domains, courses, and software perks.",student-benefits,free,,,2026-07-02,2026-07-06
jetbrains-student-license,JetBrains Student License,https://www.jetbrains.com/community/education#students,"Free student license for JetBrains IDEs and tools for Mac, Windows, and Linux development.",student-benefits,free,,,2026-07-02,2026-07-06
microsoft-365-education,Microsoft 365 Education,https://www.microsoft.com/education/products/office,"Free Microsoft 365 access with Word, Excel, PowerPoint, and OneDrive.",student-benefits,free,,,2026-07-02,2026-07-06
microsoft-azure-for-students,Microsoft Azure for Students,https://azure.microsoft.com/en-us/free/students,Free Azure credits and cloud services for verified students without a credit card.,student-benefits,free,,,2026-07-02,2026-07-06
notion-education-plus,Notion Education Plus,https://www.notion.com/help/notion-for-education,"Free Notion Plus access for managing notes, projects, documentation, deadlines, and collaboration.",student-benefits,free,,,2026-07-02,2026-07-06
sentry-for-education,Sentry for Education,https://sentry.io/for/education,"Free Sentry access for students and educators to monitor errors, logs, replays, and production issues.",student-benefits,free,,,2026-07-02,2026-07-06
shodan-academic,Shodan Academic,https://help.shodan.io/the-basics/academic-upgrade,"Academic Shodan upgrade for cybersecurity, networking, and OSINT research.",student-benefits,free,,,2026-07-02,2026-07-06
unity-student-plan,Unity Student Plan,https://unity.com/products/unity-student,"Free Unity student access for game development, real-time 3D, and interactive projects.",student-benefits,free,,,2026-07-02,2026-07-06
zed-student,Zed Student,https://zed.dev/education,"Student access to Zed with collaborative editing, AI features, and usage credits.",student-benefits,free,,,2026-07-02,2026-07-06
battlecode,Battlecode,https://battlecode.org,"MIT real-time strategy AI programming tournament competing for a $20,000+ prize pool.",competitions,,January,Online,2026-06-20,2026-07-06
coveo-blitz,Coveo Blitz,https://2026.blitz.codes,"AI bot competition by Coveo, where teams build intelligent bots and compete for cash prizes.",competitions,,January,Canada,2026-06-18,2026-07-06
reply-code-challenge,Reply Code Challenge,https://challenges.reply.com,"Global multi-track competition featuring 6-hour team sprints across algorithms, cybersecurity, and AI agents.",competitions,,March,Online,2026-06-20,2026-07-06
worldquant-international-quant-championship,WorldQuant International Quant Championship,https://www.worldquant.com/brain/iqc,"Three-stage global quantitative modeling tournament competing for a $100,000 prize pool and internship opportunities.",competitions,,March,Online,2026-06-20,2026-07-06
canadian-team-programming-competition,Canadian Team Programming Competition,https://www.ctpc.ca,National synchronized data structure sprint focused on university pride and corporate sponsor recruiting loops.,competitions,,April,Online,2026-06-20,2026-07-06
lan-ets,Lan ETS,https://lanets.ca,"North America's largest student-run LAN party, with gaming competitions, cash prizes, and industry sponsorships.",competitions,,May,"Montreal, QC",2026-06-30,2026-07-06
jdis-games,JDIS Games,https://jdis.ca,Autonomous AI agent optimization tournament at UdeS competing for sponsor-backed cash and tech gear.,competitions,,July,"Sherbrooke, Quebec",2026-06-18,2026-07-06
akuna-virtual-quant-trading-challenge,Akuna Capital Virtual Quant Trading Challenge,https://akunacapital.com/careers/job/7993921/akuna-capitals-2026-virtual-quant-trading-challenge?gh_jid=7993921,"Virtual trading challenge by Akuna Capital, for students interested in breaking into the quantitative finance industry.",competitions,,August,Online,2026-06-20,2026-07-06
lux-ai,Lux AI,https://www.lux-ai.org,Multi-month visual reinforcement learning agent tournament competing for global rank and tiered cash pools.,competitions,,October,Online,2026-06-20,2026-07-06
meta-hacker-cup,Meta Hacker Cup,https://en.wikipedia.org/wiki/Meta_Hacker_Cup,"Global multi-round elimination competitive programming championship competing for a $20,000 top cash prize.",competitions,,October,Online,2026-06-20,2026-07-06
international-data-analysis-olympiad,International Data Analysis Olympiad,https://idao.world,Machine learning and big data analytics framework competition competing for tech gear and corporate internship pathways.,competitions,,December,Online,2026-06-20,2026-07-06
citadel-student-competitions,Citadel Student Competitions,https://www.citadel.com/careers/programs-and-events,"Elite quantitative finance competitions with data modeling, algorithm tournaments, and trading simulations.",competitions,,,Online,2026-06-20,2026-06-29
tcs-codevita,TCS CodeVita,https://codevita.tcsapps.com,Global programming contest by TCS for university students with online rounds and international finals.,competitions,,,Online,2026-06-20,2026-07-06
universal-cup,Universal Cup,https://ucup.ac,Multi-stage international team programming circuit for elite algorithmic and system optimization challenges.,competitions,,,Online,2026-06-20,2026-07-06
uoftctf,UofTCTF,https://ctf.uoftctf.org,"CTF by the University of Toronto, with cash and software prizes.",ctfs,,January,Online,2026-06-18,2026-07-02
ncc-ctf-series,NCC CTF Series,https://ncc-cnc.ca/ctfseries,"National student CTF series across Canada, with regional rounds and a Montreal final.",ctfs,,February,Online,2026-06-18,2026-07-06
athack-ctf,@HACK CTF,https://athackctf.com,"Canada's largest student CTF at Concordia University, with cash and hardware prizes.",ctfs,,March,"Montreal, Quebec",2026-06-18,2026-07-06
polypwn-ctf,PolyPwnCTF,https://pwn.polycyber.io,"Student CTF by Polytechnique University, with cash and training prizes.",ctfs,,March,"Montreal, Quebec",2026-06-18,2026-07-06
plaidctf,PlaidCTF,https://plaidctf.com,"Global CTF by Carnegie Mellon University's PPP, with cash prizes and a DEF CON finals invite.",ctfs,,April,Online,2026-06-18,2026-07-06
umdctf,UMDCTF,https://umdctf.io,"Student CTF by the University of Maryland, with cash and software prizes.",ctfs,,April,Online,2026-06-18,2026-07-06
defcon-ctf,DEF CON CTF,https://defcon.org,"Most prestigious CTF in the world, with online qualifiers and finals in Las Vegas.",ctfs,,May,Online,2026-06-18,2026-07-06
northsec,NorthSec,https://nsec.io,"Multi-day paid CTF in Montreal for professionals, with cash prizes and a student track.",ctfs,,May,"Montreal, Quebec",2026-06-18,2026-07-06
google-ctf,Google CTF,https://capturetheflag.withgoogle.com,"Global CTF hosted by Google, with cash prizes and a final stage event.",ctfs,,June,Online,2026-06-18,2026-07-06
midnight-sun-ctf,Midnight Sun CTF,https://play.midnightsunctf.com,"Global CTF by HackingForSoju, with online qualifiers and finals in Stockholm.",ctfs,,June,Online,2026-06-18,2026-07-06
cyber-apocalypse,HackTheBox Cyber Apocalypse,https://www.hackthebox.com/events/cyber-apocalypse-2026,"CTF by Hack The Box, with thousands of teams and a massive prize pool.",ctfs,,July,Online,2026-06-18,2026-07-06
hitcon-ctf,HITCON CTF,https://ctf.hitcon.org,"CTF hosted by HITCON, known for extreme technical difficulty and elite global competition.",ctfs,,August,Online,2026-06-18,2026-06-29
csaw-ctf,CSAW CTF,https://csaw.io/ctf,"Student CTF by NYU, with online qualifiers and finals in New York City.",ctfs,,September,Online,2026-06-18,2026-07-06
cybersci,CyberSci,https://cybersecuritychallenge.ca,Canadian student CTF with regional rounds and a national final in Ottawa.,ctfs,,November,Canada,2026-06-18,2026-07-06
0ctf,0CTF,https://ctf.0ops.sjtu.cn,"CTF hosted by Shanghai Jiao Tong University, known for research-grade challenges.",ctfs,,December,Online,2026-06-18,2026-07-06
global-game-jam-vancouver,Global Game Jam Vancouver,https://ggjvancouver.ca,A western Canadian Global Game Jam hub backed and mentored by Vancouver game studios.,game-jams,,January,"Vancouver, BC",2026-06-30,2026-07-06
mcgamejam,McGameJam,https://www.mcgamejam.ca,"Quebec's largest game jam, hosted by McGill University featuring various industry sponsors.",game-jams,,January,"Montreal, QC",2026-06-30,2026-07-06
chillennium,Chillennium Game Jam,https://chillennium.com,"The largest student-run collegiate game jam in the world, featuring various major industry sponsors.",game-jams,,February,"College Station, TX",2026-06-30,2026-07-06
behaviour-interactive-game-jam,Behaviour Interactive Game Jam,https://www.eventbrite.ca/o/18734564338,"Game jam hosted by Behaviour Interactive, featuring mentorship and networking opportunities with industry professionals.",game-jams,,April,"Montreal, QC",2026-06-30,2026-07-06
ubisoft-game-lab-competition,Ubisoft Game Lab Competition,https://montreal.ubisoft.com/en/our-commitments/education/game-lab-competition,"A 10-week annual game jam where students build game concepts and compete for over $55,000 in scholarships.",game-jams,,April,"Montreal, QC",2026-06-30,2026-07-06
tojam,TOJam (Toronto Game Jam),https://www.tojam.ca,"One of Canada's longest-running game jams, attracting student developers and industry professionals.",game-jams,,May,"Toronto, ON",2026-06-30,2026-07-06
gmtk-game-jam,GMTK Game Jam,https://gamemakerstoolkit.com/jam,"The largest virtual game jam, with projects highlighted to millions of viewers through the creators YouTube channel.",game-jams,,July,Online,2026-06-30,2026-07-06
algoma-startup-gamejam,Algoma Startup GameJam,https://algomau.ca/immxrsive-game-jam,"An intensive game jam focused on entrepreneurship, run in direct collaboration with Unity industry trainers.",game-jams,,September,"Brampton, ON",2026-06-30,2026-07-06
gamerella-game-jam,GAMERella Game Jam,https://gamerella.ca,An over decade old annual game jam focusing on supporting marginalized game creators and aspiring game makers.,game-jams,,November,"Montreal, QC",2026-06-30,2026-07-06
github-game-off,GitHub Game Off,https://github.com/topics/game-off,GitHub's annual month-long game jam celebrating open-source development.,game-jams,,November,Online,2026-06-30,2026-07-06
concordia-game-dev-club-jams,Concordia Game Development Club Jams,https://www.concordiagamedev.ca/events,"Concordia's Game Development Club game jams, with new themes every year.",game-jams,,,"Montreal, QC",2026-06-30,2026-07-06
conuhacks,ConUHacks,https://conuhacks.io,"Hackathon by Concordia University, with cash and hardware prizes.",hackathons,,January,"Montreal, Quebec",2026-06-18,2026-07-06
deltahacks,DeltaHacks,https://deltahacks.com,"Hackathon by McMaster University, with cash and hardware prizes.",hackathons,,January,"Hamilton, Ontario",2026-06-18,2026-07-06
mchacks,McHacks,https://mchacks.ca,"Hackathon by McGill University, with cash and hardware prizes.",hackathons,,January,"Montreal, Quebec",2026-06-18,2026-07-06
nwhacks,nwHacks,https://nwhacks.io,"Western Canada's largest hackathon at UBC, with cash and hardware prizes.",hackathons,,January,"Vancouver, British Columbia",2026-06-18,2026-07-06
uofthacks,UofTHacks,https://uofthacks.com,"Hackathon by University of Toronto, with cash and hardware prizes.",hackathons,,January,"Toronto, Ontario",2026-06-18,2026-07-02
qhacks,QHacks,https://qhacks.io,"Hackathon by Queen's University, with cash and hardware prizes.",hackathons,,February,"Kingston, Ontario",2026-06-18,2026-07-06
treehacks,TreeHacks,https://treehacks.com,"One of the world's largest hackathons, hosted at Stanford with major cash prizes and industry sponsors.",hackathons,,February,"Stanford, California",2026-06-18,2026-07-06
genai-genesis,GenAI Genesis,https://genaigenesis.ca,"Canada's largest AI hackathon, by the University of Toronto, with cash and hardware prizes.",hackathons,,March,"Toronto, Ontario",2026-06-18,2026-07-06
hack-canada,Hack Canada,https://hackcanada.org,"Hackathon at Waterloo, with large cash prizes and industry sponsors.",hackathons,,March,"Waterloo, Ontario",2026-06-18,2026-07-06
la-hacks,LA Hacks,https://lahacks.com,"Hackathon by UCLA, one of the largest in the US, with large cash prizes and industry sponsors.",hackathons,,April,"Los Angeles, California",2026-06-18,2026-07-06
hackthemountain,HackTheMountain,https://hackthemountain.ca,"Hackathon by UdeM and Polytechnique University, with cash and hardware prizes.",hackathons,,May,"Montreal, Quebec",2026-06-18,2026-07-06
mpchacks,MPC Hacks,https://mpchacks.com,"Inter-university hackathon, with cash and hardware prizes.",hackathons,,May,"Montreal, Quebec",2026-06-18,2026-07-06
shacks,SHacks,https://shacks.cc,"Hackathon by Université de Sherbrooke, with cash prizes.",hackathons,,May,"Sherbrooke, Quebec",2026-06-18,2026-07-06
hack-the-6ix,Hack the 6ix,https://hackthe6ix.com,"Toronto's largest summer hackathon, with cash and hardware prizes.",hackathons,,July,"Toronto, Ontario",2026-06-18,2026-07-06
hack-the-north,Hack the North,https://hackthenorth.com,"Canada's largest hackathon at University of Waterloo, with massive cash prizes and industry sponsors.",hackathons,,September,"Waterloo, Ontario",2026-06-18,2026-07-06
hackmit,HackMIT,https://hackmit.org,"MIT's prestigious annual hackathon, with massive cash prizes and industry sponsors.",hackathons,,September,"Cambridge, Massachusetts",2026-06-18,2026-07-06
pennapps,PennApps,https://pennapps.com,"Hackathon by the University of Pennsylvania, one of the original college hackathons, with cash prizes.",hackathons,,September,"Philadelphia, Pennsylvania",2026-06-18,2026-07-06
cal-hacks,Cal Hacks,https://calhacks.io,"The world's largest collegiate hackathon, by UC Berkeley, with huge cash prizes and industry sponsors.",hackathons,,October,"Berkeley, California",2026-06-18,2026-07-06
codeml,CodeML,https://codeml.ca,"Machine learning hackathon by PolyAI and SEMLA at Polytechnique University, with cash prizes.",hackathons,,October,"Montreal, Quebec",2026-06-18,2026-07-06
fiam-ia,FIAM-IA Hackathon,https://hackathonfiam-ia.com,"Finance and AI hackathon, with cash prizes and industry sponsors.",hackathons,,October,"Montreal, Quebec",2026-06-18,2026-07-06
hackharvard,HackHarvard,https://hackharvard.io,"Harvard's annual hackathon, with large cash prizes and industry sponsors.",hackathons,,October,"Cambridge, Massachusetts",2026-06-18,2026-07-06
codejam-mcgill,CodeJam,https://codejam.mcgilleus.ca,"Hackathon by McGill Engineering, with cash prizes.",hackathons,,November,"Montreal, Quebec",2026-06-18,2026-07-06
hackutd,HackUTD,https://hackutd.co,"University of Texas hackathon, with cash prizes and industry sponsors.",hackathons,,November,"Dallas, Texas",2026-06-18,2026-07-06
concordia-game-development-club,Concordia Game Development Club,https://www.concordiagamedev.ca,"Concordia game development student club for networking, workshops, and project collaboration.",communities-clubs,club,,,2026-07-01,2026-07-06
scs-concordia,SCS Concordia,https://scsconcordia.com,Concordia student society for software engineering and computer science students.,communities-clubs,club,,,2026-07-01,2026-07-06
space-concordia,Space Concordia,https://www.spaceconcordia.ca,"Concordia student organization for aerospace, robotics, embedded systems, software, and engineering projects.",communities-clubs,club,,,2026-07-01,2026-07-06
codesupport,CodeSupport,https://codesupport.dev,"Programming community for beginner-friendly coding help, debugging support, and developer discussion.",communities-clubs,discord,,,2026-07-01,2026-07-06
cs-careers-discord,CS Careers Discord,https://discord.gg/cscareers,"Computer science career community for internships, resumes, interviews, job searching, and career advice.",communities-clubs,discord,,,2026-07-01,2026-07-06
devcord,DevCord,https://discord.gg/devcord,"Developer community for programming discussion, project support, collaboration, and career advice.",communities-clubs,discord,,,2026-07-01,2026-07-06
the-odin-project-discord,The Odin Project,https://www.theodinproject.com/discord,"Web development community for code review, collaboration, project feedback, and career support.",communities-clubs,discord,,,2026-07-01,2026-07-06
the-programmers-hangout,The Programmer's Hangout,https://discord.gg/programming,"Large programming community for coding help, software development discussion, and developer support.",communities-clubs,discord,,,2026-07-01,2026-07-06
hack-club,Hack Club,https://hackclub.com/slack,"Global student hacker community focused on coding projects, workshops, hackathons, and peer learning.",communities-clubs,organization,,,2026-07-01,2026-07-06
reddit-compsci,r/compsci,https://www.reddit.com/r/compsci,"Computer science discussions covering algorithms, theory, research, and academia.",communities-clubs,reddit,,,2026-07-01,2026-07-02
reddit-cscareerquestions,r/cscareerquestions,https://www.reddit.com/r/cscareerquestions,"Discussions on software engineering careers, internships, resumes, interviews, and job searching.",communities-clubs,reddit,,,2026-07-01,2026-07-02
reddit-cybersecurity,r/cybersecurity,https://www.reddit.com/r/cybersecurity,"Cybersecurity news, careers, tools, and security discussions.",communities-clubs,reddit,,,2026-07-01,2026-07-02
reddit-datascience,r/datascience,https://www.reddit.com/r/datascience,"Data science careers, analytics, machine learning applications, and industry discussions.",communities-clubs,reddit,,,2026-07-01,2026-07-02
reddit-devops,r/devops,https://www.reddit.com/r/devops,"Cloud infrastructure, DevOps, automation, CI/CD, and platform engineering discussions.",communities-clubs,reddit,,,2026-07-01,2026-07-02
reddit-gamedev,r/gamedev,https://www.reddit.com/r/gamedev,"Game development discussions covering programming, design, engines, and publishing.",communities-clubs,reddit,,,2026-07-01,2026-07-02
reddit-learnprogramming,r/learnprogramming,https://www.reddit.com/r/learnprogramming,"Programming help, learning resources, and beginner-friendly discussions.",communities-clubs,reddit,,,2026-07-01,2026-07-02
reddit-linux,r/linux,https://www.reddit.com/r/linux,"Linux news, open-source software, system administration, and operating system discussions.",communities-clubs,reddit,,,2026-07-01,2026-07-02
reddit-machinelearning,r/MachineLearning,https://www.reddit.com/r/MachineLearning,"Machine learning research, papers, projects, and technical discussions.",communities-clubs,reddit,,,2026-07-01,2026-07-02
reddit-netsec,r/netsec,https://www.reddit.com/r/netsec,"Technical cybersecurity research, vulnerabilities, exploits, and defensive security.",communities-clubs,reddit,,,2026-07-01,2026-07-02
reddit-programming,r/programming,https://www.reddit.com/r/programming,"Programming news, software development discussions, and industry topics.",communities-clubs,reddit,,,2026-07-01,2026-07-02
reddit-quant,r/quant,https://www.reddit.com/r/quant,"Quantitative finance careers, interviews, mathematics, and algorithmic trading discussions.",communities-clubs,reddit,,,2026-07-01,2026-07-02
reddit-softwareengineering,r/softwareengineering,https://www.reddit.com/r/softwareengineering,"Software engineering practices, architecture, engineering culture, and industry discussion.",communities-clubs,reddit,,,2026-07-01,2026-07-02
cracking-the-coding-interview,Cracking the Coding Interview,https://www.crackingthecodinginterview.com,"Classic interview preparation book covering coding questions, technical concepts, and interview strategies.",interview-prep,book,,,2026-07-01,2026-07-06
elements-of-programming-interviews,Elements of Programming Interviews,https://elementsofprogramminginterviews.com,Comprehensive interview preparation book featuring advanced coding problems and detailed solutions.,interview-prep,book,,,2026-07-01,2026-07-06
bytebytego-system-design,ByteByteGo System Design,https://bytebytego.com,"System design interview platform featuring books, courses, and real-world architecture case studies.",interview-prep,course,,,2026-07-01,2026-07-06
grokking-the-coding-interview,Grokking the Coding Interview,https://www.designgurus.io/course/grokking-the-coding-interview,Pattern-based coding interview course teaching common algorithmic approaches used in technical interviews.,interview-prep,course,,,2026-07-01,2026-07-06
grokking-object-oriented-design-interview,Grokking the Object-Oriented Design Interview,https://www.designgurus.io/course/grokking-the-object-oriented-design-interview,Popular course teaching object-oriented design concepts commonly tested in software engineering interviews.,interview-prep,course,,,2026-07-01,2026-07-06
coding-interview-university,Coding Interview University,https://github.com/jwasham/coding-interview-university,"Complete self-study roadmap covering data structures, algorithms, systems, networking, databases, and interview prep.",interview-prep,guide,,,2026-07-01,2026-07-06
jakes-resume,Jake's Resume,https://www.overleaf.com/latex/templates/jakes-resume/syzfjbzwjncs,Popular LaTeX resume template widely used by computer science students and software engineers.,interview-prep,guide,,,2026-07-01,2026-07-06
system-design-primer,System Design Primer,https://github.com/donnemartin/system-design-primer,"Comprehensive open-source guide to system design interviews covering scalability, databases, caching, and architecture.",interview-prep,guide,,,2026-07-01,2026-07-06
tech-interview-handbook,Tech Interview Handbook,https://www.techinterviewhandbook.org,"Comprehensive guide covering coding, behavioral, system design, resume, and interview preparation strategies.",interview-prep,guide,,,2026-07-01,2026-07-02
atcoder,AtCoder,https://atcoder.jp,Competitive programming platform offering high-quality contests and algorithm practice.,interview-prep,platform,,,2026-07-01,2026-07-06
codeforces,Codeforces,https://codeforces.com,Competitive programming platform with contests and algorithmic problems for technical interview practice.,interview-prep,platform,,,2026-07-01,2026-07-06
codesignal,CodeSignal,https://codesignal.com,Technical assessment platform widely used by companies for coding screenings and online assessments.,interview-prep,platform,,,2026-07-01,2026-07-06
codewars,Codewars,https://www.codewars.com,Programming challenge platform for improving coding skills through community-created problems.,interview-prep,platform,,,2026-07-01,2026-07-06
codility,Codility,https://www.codility.com,"Technical assessment platform used by employers to evaluate coding, algorithm, and programming skills.",interview-prep,platform,,,2026-07-01,2026-07-06
designgurus,DesignGurus,https://www.designgurus.io,"Interview preparation platform for system design, coding interviews, object-oriented design, and behavioral prep.",interview-prep,platform,,,2026-07-01,2026-07-06
exponent,Exponent,https://www.tryexponent.com,"Platform for behavioral, system design, and technical interview preparation with expert guidance and mock interviews.",interview-prep,platform,,,2026-07-01,2026-07-06
hackerrank,HackerRank,https://www.hackerrank.com,"Coding interview and online assessment platform covering programming, SQL, AI, and technical hiring challenges.",interview-prep,platform,,,2026-07-01,2026-07-06
hello-interview,Hello Interview,https://www.hellointerview.com,"Interview preparation platform focused on system design, coding interviews, and technical interview strategies.",interview-prep,platform,,,2026-07-01,2026-07-06
interview-query,Interview Query,https://www.interviewquery.com,"Interview preparation platform specializing in SQL, data science, analytics, and machine learning interviews.",interview-prep,platform,,,2026-07-01,2026-07-02
interviewing-io,interviewing.io,https://interviewing.io,Anonymous mock technical interviews with experienced software engineers from leading technology companies.,interview-prep,platform,,,2026-07-01,2026-07-06
leetcode,LeetCode,https://leetcode.com,"Leading coding interview platform with thousands of algorithm, data structure, SQL, and system design problems.",interview-prep,platform,,,2026-07-01,2026-07-01
neetcode,NeetCode,https://neetcode.io,"Structured coding interview platform featuring curated roadmaps, problem lists, video explanations, and practice plans.",interview-prep,platform,,,2026-07-01,2026-07-06
pramp,Pramp,https://www.pramp.com,Free peer-to-peer mock interview platform for coding and technical interview practice.,interview-prep,platform,,,2026-07-01,2026-07-06
quantguide,QuantGuide,https://www.quantguide.io,"Quant finance interview prep covering probability, statistics, mathematics, programming, and trading interviews.",interview-prep,platform,,,2026-07-01,2026-07-02
overleaf,Overleaf,https://www.overleaf.com,"Online LaTeX editor for creating professional resumes, CVs, and technical documents.",interview-prep,tool,,,2026-07-01,2026-07-06
resume-worded,Resume Worded,https://resumeworded.com,AI-powered resume and LinkedIn reviewer providing feedback to improve interview chances.,interview-prep,tool,,,2026-07-01,2026-07-06
a-tour-of-cpp,A Tour of C++,https://www.stroustrup.com/tour3.html,Modern introduction to C++ by Bjarne Stroustrup covering the language's core features and best practices.,learning-resources,book,,,2026-07-01,2026-07-06
computer-networking-a-top-down-approach,Computer Networking: A Top-Down Approach,https://gaia.cs.umass.edu/kurose_ross/index.php,"Leading networking textbook covering the Internet, TCP/IP, HTTP, DNS, routing, wireless networking, and security.",learning-resources,book,,,2026-07-01,2026-07-06
computer-systems-a-programmers-perspective,Computer Systems: A Programmer's Perspective,https://csapp.cs.cmu.edu,"Comprehensive systems book covering C, architecture, assembly, memory, linking, concurrency, and performance.",learning-resources,book,,,2026-07-01,2026-07-06
designing-data-intensive-applications,Designing Data-Intensive Applications,https://dataintensive.net,"Industry-standard book on databases, distributed systems, scalability, reliability, and modern backend architecture.",learning-resources,book,,,2026-07-01,2026-07-06
grokking-algorithms,Grokking Algorithms,https://www.manning.com/books/grokking-algorithms,Beginner-friendly introduction to algorithms and data structures with visual explanations and practical examples.,learning-resources,book,,,2026-07-01,2026-07-06
heard-on-the-street,Heard on the Street,https://www.amazon.com/Heard-Street-Quantitative-Questions-Interviews/dp/0994103867,"Classic book covering probability, brainteasers, and quantitative finance concepts.",learning-resources,book,,,2026-07-01,2026-07-06
operating-systems-three-easy-pieces,Operating Systems: Three Easy Pieces,https://pages.cs.wisc.edu/~remzi/OSTEP,"Free operating systems textbook covering processes, threads, scheduling, synchronization, memory, and storage.",learning-resources,book,,,2026-07-01,2026-07-06
the-linux-command-line,The Linux Command Line,https://linuxcommand.org/tlcl.php,"Comprehensive guide to the Linux command line, shell scripting, file systems, and essential command-line tools.",learning-resources,book,,,2026-07-01,2026-07-06
the-pragmatic-programmer,The Pragmatic Programmer,https://pragprog.com/titles/tpp20/the-pragmatic-programmer-20th-anniversary-edition,"Classic software engineering book covering practical programming techniques, best practices, and professional growth.",learning-resources,book,,,2026-07-01,2026-07-06
cs50x,CS50x: Introduction to Computer Science,https://cs50.harvard.edu/x,"Harvard's intro CS course covering programming, algorithms, data structures, web development, and CS fundamentals.",learning-resources,course,,,2026-07-01,2026-07-06
freecodecamp,freeCodeCamp,https://www.freecodecamp.org,"Free interactive platform covering programming, web development, Python, databases, Git, APIs, AI, and projects.",learning-resources,course,,,2026-07-01,2026-07-06
full-stack-open,Full Stack Open,https://fullstackopen.com/en,"A modern full-stack web development course covering React, Node.js, GraphQL, TypeScript, testing, CI/CD, and deployment.",learning-resources,course,,,2026-07-01,2026-07-06
gamedev-tv,GameDev.tv,https://www.gamedev.tv,"Game development courses covering Unity, Unreal Engine, C++, and C#.",learning-resources,course,,,2026-07-01,2026-07-06
hack-the-box-academy,Hack The Box Academy,https://academy.hackthebox.com,"Advanced cybersecurity platform with guided modules on pentesting, red teaming, Active Directory, Linux, and Windows.",learning-resources,course,,,2026-07-01,2026-07-06
kodekloud,KodeKloud,https://kodekloud.com,"Hands-on platform for learning DevOps, Kubernetes, Docker, Linux, Terraform, and cloud technologies.",learning-resources,course,,,2026-07-01,2026-07-06
linux-journey,Linux Journey,https://linuxjourney.com,"Interactive platform teaching Linux fundamentals, command line usage, permissions, networking, and administration.",learning-resources,course,,,2026-07-01,2026-07-01
microsoft-learn,Microsoft Learn,https://learn.microsoft.com,"Official Microsoft learning platform covering C#, .NET, Azure, PowerShell, Visual Studio, GitHub, and related tools.",learning-resources,course,,,2026-07-01,2026-07-06
ossu-computer-science,OSSU Computer Science,https://github.com/ossu/computer-science,A complete self-taught computer science curriculum using high-quality free online courses from leading universities.,learning-resources,course,,,2026-07-01,2026-07-06
sqlbolt,SQLBolt,https://sqlbolt.com,Interactive SQL tutorial teaching database fundamentals through hands-on exercises and real SQL queries.,learning-resources,course,,,2026-07-01,2026-07-06
tryhackme,TryHackMe,https://tryhackme.com,"Hands-on cybersecurity platform covering networking, Linux, penetration testing, web security, forensics, and defense.",learning-resources,course,,,2026-07-01,2026-07-02
hacker-news,Hacker News,https://news.ycombinator.com,"Community-driven technology news and discussions about software engineering, startups, CS, and programming.",learning-resources,news,,,2026-07-01,2026-07-06
the-pragmatic-engineer,The Pragmatic Engineer,https://newsletter.pragmaticengineer.com,"Engineering newsletter covering software development, big tech, system design, leadership, and industry trends.",learning-resources,news,,,2026-07-01,2026-07-06
tldr,TLDR Newsletter,https://tldr.tech,"Daily newsletter delivering concise summaries of software engineering, AI, cybersecurity, startups, and technology news.",learning-resources,news,,,2026-07-01,2026-07-06
awesome,Awesome,https://github.com/sindresorhus/awesome,"Curated index of high-quality software, tools, libraries, and learning resources.",learning-resources,reference,,,2026-07-02,2026-07-06
awesome-docker,Awesome Docker,https://github.com/veggiemonk/awesome-docker,"Curated Docker tools, tutorials, images, and best practices.",learning-resources,reference,,,2026-07-02,2026-07-06
bash-cheat-sheet,Bash Cheat Sheet,https://devhints.io/bash,"Concise Bash command reference covering shell scripting, variables, loops, pipes, and common commands.",learning-resources,reference,,,2026-07-01,2026-07-06
cheat-sh,cheat.sh,https://cheat.sh,"Concise cheat sheets and examples for languages, frameworks, and command-line tools.",learning-resources,reference,,,2026-07-02,2026-07-06
devdocs,DevDocs,https://devdocs.io,Unified documentation search for many programming languages and frameworks.,learning-resources,reference,,,2026-07-02,2026-07-06
devhints,Devhints,https://devhints.io,"Concise cheat sheets for programming languages, frameworks, Git, Docker, SQL, and developer tools.",learning-resources,reference,,,2026-07-02,2026-07-06
docker-cli-cheat-sheet,Docker CLI Cheat Sheet,https://docs.docker.com/get-started/docker_cheatsheet.pdf,Official Docker quick reference covering the most common Docker CLI commands and workflows.,learning-resources,reference,,,2026-07-01,2026-07-06
git-cheat-sheet,Git Cheat Sheet,https://education.github.com/git-cheat-sheet-education.pdf,Official GitHub one-page reference covering essential Git commands and workflows.,learning-resources,reference,,,2026-07-01,2026-07-06
http-status-codes,HTTP Status Codes,https://developer.mozilla.org/en-US/docs/Web/HTTP/Reference/Status,MDN reference explaining all standard HTTP response status codes with definitions and usage.,learning-resources,reference,,,2026-07-01,2026-07-06
linux-command-library,Linux Command Library,https://linuxcommandlibrary.com,"Searchable reference for Linux commands, options, examples, and manual pages.",learning-resources,reference,,,2026-07-02,2026-07-06
linux-commands-cheat-sheet,Linux Commands Cheat Sheet,https://developers.redhat.com/cheat-sheets/linux-commands-cheat-sheet,Official Red Hat reference for essential Linux commands used in development and system administration.,learning-resources,reference,,,2026-07-01,2026-07-01
mdn-web-docs,MDN Web Docs,https://developer.mozilla.org,"The definitive reference for HTML, CSS, JavaScript, Web APIs, and modern web development maintained by Mozilla.",learning-resources,reference,,,2026-07-01,2026-07-06
owasp-cheat-sheet,OWASP Top 10 Cheat Sheets,https://cheatsheetseries.owasp.org/IndexTopTen.html,Security implementation guides mapped to common web application risks.,learning-resources,reference,,,2026-07-02,2026-07-06
powershell-cheat-sheet,PowerShell Cheat Sheet,https://ss64.com/ps,"Comprehensive PowerShell command reference covering cmdlets, operators, scripting, and administration.",learning-resources,reference,,,2026-07-01,2026-07-06
compiler-explorer,Compiler Explorer (Godbolt),https://godbolt.org,"Interactive compiler explorer showing generated assembly, compiler optimizations, and output for many languages.",learning-resources,tool,,,2026-07-01,2026-07-06
cpulator,CPUlator,https://cpulator.01xz.net,"Online CPU simulator for learning ARM, RISC-V, MIPS, Nios II, assembly language, architecture, and systems.",learning-resources,tool,,,2026-07-01,2026-07-06
desmos,Desmos,https://www.desmos.com,"Interactive graphing calculator for visualizing functions, equations, and data.",learning-resources,tool,,,2026-07-02,2026-07-06
learn-git-branching,Learn Git Branching,https://learngitbranching.js.org,"Interactive visual tutorial for learning Git commands, branching, merging, rebasing, and version control workflows.",learning-resources,tool,,,2026-07-01,2026-07-06
oeis,OEIS,https://oeis.org,"Searchable database of integer sequences for math, algorithms, and competitive programming.",learning-resources,tool,,,2026-07-02,2026-07-02
visualgo,VisuAlgo,https://visualgo.net,"Interactive visualizations for algorithms and data structures including sorting, searching, graphs, trees, and heaps.",learning-resources,tool,,,2026-07-01,2026-07-06
wolfram-alpha,Wolfram Alpha,https://www.wolframalpha.com,"Solve math, science, engineering, and statistics problems with computational tools.",learning-resources,tool,,,2026-07-02,2026-07-06
bytebytego,ByteByteGo,https://www.youtube.com/@ByteByteGo,"System design channel covering scalable architecture, distributed systems, backend engineering, and design concepts.",learning-resources,video,,,2026-07-01,2026-07-06
computerphile,Computerphile,https://www.youtube.com/@Computerphile,"Educational channel covering algorithms, cryptography, AI, networking, operating systems, and programming concepts.",learning-resources,video,,,2026-07-01,2026-07-06
fireship,Fireship,https://www.youtube.com/@Fireship,"Software engineering channel covering web development, cloud, AI, DevOps, programming languages, and modern tech.",learning-resources,video,,,2026-07-01,2026-07-06
hussein-nasser,Hussein Nasser,https://www.youtube.com/@hnasr,"Backend engineering channel covering databases, APIs, HTTP, networking, distributed systems, and architecture.",learning-resources,video,,,2026-07-01,2026-07-06
liveoverflow,LiveOverflow,https://www.youtube.com/@LiveOverflow,"Cybersecurity channel covering reverse engineering, binary exploitation, web security, CTFs, and exploit development.",learning-resources,video,,,2026-07-01,2026-07-06
low-level,Low Level,https://www.youtube.com/LowLevelLearning,"Systems programming channel covering Linux, operating systems, reverse engineering, malware, and low-level computing.",learning-resources,video,,,2026-07-01,2026-07-06
the-cherno,The Cherno,https://www.youtube.com/@TheCherno,"High-quality C++ programming channel covering modern C++, game engine development, graphics, and systems programming.",learning-resources,video,,,2026-07-01,2026-07-06
the-organic-chemistry-tutor,The Organic Chemistry Tutor,https://www.youtube.com/@TheOrganicChemistryTutor,"Educational channel with lessons in calculus, linear algebra, statistics, discrete math, physics, and STEM subjects.",learning-resources,video,,,2026-07-01,2026-07-06
learncpp,LearnCpp,https://www.learncpp.com,Comprehensive and continuously updated tutorial covering modern C++ from beginner to advanced topics.,learning-resources,website,,,2026-07-01,2026-07-06
learnopengl,LearnOpenGL,https://learnopengl.com,"Comprehensive tutorial for learning modern OpenGL, graphics programming, and rendering fundamentals.",learning-resources,website,,,2026-07-01,2026-07-06
real-python,Real Python,https://realpython.com,"High-quality Python tutorials, articles, projects, and guides covering beginner through advanced topics.",learning-resources,website,,,2026-07-01,2026-07-06
refactoring-guru,Refactoring.Guru,https://refactoring.guru,"Comprehensive resource for learning design patterns, refactoring, object-oriented design, and clean architecture.",learning-resources,website,,,2026-07-01,2026-07-06
roadmap-sh,roadmap.sh,https://roadmap.sh,"Community-driven learning roadmaps for software engineering, programming, DevOps, cybersecurity, AI, and system design.",learning-resources,website,,,2026-07-01,2026-07-06
